-- KP-HUB Data Export
-- Generated on: 2025-11-19 09:48:15
-- DO NOT EDIT THIS FILE

SET FOREIGN_KEY_CHECKS = 0;

-- Users table
INSERT INTO users (user_id, email, password, facility, role, can_create_folder, can_delete, can_generate_report, profile_picture) VALUES ('1', 'dilgr8rictu@gmail.com', '$2y$10$DUdZc6jEHTwQLwc.XqizmuoQLXY9As/QLDWm27ELUP5WBvDYP4pbi', 'MMKI', 'Admin', '1', '1', '1', NULL);
INSERT INTO users (user_id, email, password, facility, role, can_create_folder, can_delete, can_generate_report, profile_picture) VALUES ('3', 'capdev@lgrrc8.com', '$2y$10$nyId6/Ve9OBTVrw1/XAl7.Mw/XXRQvAM.mmd94le1JRs9fdXq6vq2', 'CAPDEV', 'Head', '1', '1', '1', NULL);
INSERT INTO users (user_id, email, password, facility, role, can_create_folder, can_delete, can_generate_report, profile_picture) VALUES ('4', 'linkage@lgrrc8.com', '$2y$10$yW3dMP/oanJRja7npfu.VeT3B70aIS8MZ4KUf5z/NQIthOEXWA.UG', 'LINKAGE', 'Head', '1', '1', '1', NULL);
INSERT INTO users (user_id, email, password, facility, role, can_create_folder, can_delete, can_generate_report, profile_picture) VALUES ('5', 'publicedu@lgrrc8.com', '$2y$10$bwxG3RLOeP/nIewL4UBXZOhKhtXV4dkG4qlnFDP4FFEpzM/ZyhcPK', 'PUBLIC ED', 'Head', '1', '1', '1', NULL);
INSERT INTO users (user_id, email, password, facility, role, can_create_folder, can_delete, can_generate_report, profile_picture) VALUES ('6', 'insti-legal@lgrrc8.com', '$2y$10$jNMqmONss6aE.3tRWiJOt.J0hDPEHETyl/njAC21.r0CrZV4.qCWO', 'INSTI-LEGAL', 'Head', '1', '1', '1', NULL);
INSERT INTO users (user_id, email, password, facility, role, can_create_folder, can_delete, can_generate_report, profile_picture) VALUES ('7', 'biliran@lgrrc8.com', '$2y$10$TcidqYXT6lCd/mtTYoskAuI19n2MNb5UWuCs5idCUoS79iU1aVZCK', 'BILIRAN', 'Head', '1', '1', '1', NULL);
INSERT INTO users (user_id, email, password, facility, role, can_create_folder, can_delete, can_generate_report, profile_picture) VALUES ('8', 'easternsamar@lgrrc8.com', '$2y$10$fY8XFcedSyjJXN7UsW6ArOaEe7aVoQfHfIxuHwTwgExppY7sbCVGm', 'EASTERN SAMAR', 'Head', '1', '1', '1', NULL);
INSERT INTO users (user_id, email, password, facility, role, can_create_folder, can_delete, can_generate_report, profile_picture) VALUES ('9', 'northernsamar@lgrrc8.com', '$2y$10$SmwbNMzmibf.XPKKQbRv7OGysapyRX.fXCkEOpYjOE9ppibqeLYti', 'NORTHERN SAMAR', 'Head', '1', '1', '1', NULL);
INSERT INTO users (user_id, email, password, facility, role, can_create_folder, can_delete, can_generate_report, profile_picture) VALUES ('10', 'leyte@lgrrc8.com', '$2y$10$sQ/1turln4D8vhjeG6yVyOhkl0wywUMQJcU3ENIKUNAi94vo6DVuO', 'LEYTE', 'Head', '1', '1', '1', NULL);
INSERT INTO users (user_id, email, password, facility, role, can_create_folder, can_delete, can_generate_report, profile_picture) VALUES ('11', 'southernleyte@lgrrc8.com', '$2y$10$TmIdLQiMG1zKupHqfwrwHOu/GPqfyvX/Jst5wnKlj6LY6SIKIWIiO', 'SOUTHERN LEYTE', 'Head', '1', '1', '1', NULL);
INSERT INTO users (user_id, email, password, facility, role, can_create_folder, can_delete, can_generate_report, profile_picture) VALUES ('12', 'ormoc@lgrrc8.com', '$2y$10$meF.G.35Sx9HzKk5Hoh9cu94SUlHwCkBmzAIyCHZeHbwYV/VS3erO', 'ORMOC', 'Head', '1', '1', '1', NULL);
INSERT INTO users (user_id, email, password, facility, role, can_create_folder, can_delete, can_generate_report, profile_picture) VALUES ('13', 'tacloban@lgrrc8.com', '$2y$10$HzvCdeieh.9.8rlUSuwt2uSj0ac3/JC1Q/lJk0MViJ1QMormTLlPC', 'TACLOBAN', 'Head', '1', '1', '1', NULL);
INSERT INTO users (user_id, email, password, facility, role, can_create_folder, can_delete, can_generate_report, profile_picture) VALUES ('14', 'samar@lgrrc8.com', '$2y$10$n..wx4Ru/2U5nSczNyY4wexDNg4XkZ91sZRqPUIJ.xyY8iIGYXHQK', 'SAMAR', 'Head', '1', '1', '1', NULL);

-- Posts table
INSERT INTO posts (post_id, user_id, title, post_type, content, file_name, file_url, file_type, links, file_id, folder_id, created_at, updated_at) VALUES ('1', '3', 'Untitled Post', 'file', 'Test', 'LGRRCR8.png', 'uploads/posts/1763444056_LGRRCR8.png', 'png', NULL, NULL, NULL, '2025-11-18 13:34:16', '2025-11-18 13:34:16');
INSERT INTO posts (post_id, user_id, title, post_type, content, file_name, file_url, file_type, links, file_id, folder_id, created_at, updated_at) VALUES ('2', '3', 'Untitled Post', 'file', 'Testing', 'LGRRCR8.png', 'uploads/posts/1763444392_LGRRCR8.png', 'png', NULL, NULL, NULL, '2025-11-18 13:39:52', '2025-11-18 13:39:52');
INSERT INTO posts (post_id, user_id, title, post_type, content, file_name, file_url, file_type, links, file_id, folder_id, created_at, updated_at) VALUES ('3', '1', 'Untitled Post', 'text', 'Test', NULL, NULL, NULL, NULL, NULL, NULL, '2025-11-18 14:33:24', '2025-11-18 14:33:24');
INSERT INTO posts (post_id, user_id, title, post_type, content, file_name, file_url, file_type, links, file_id, folder_id, created_at, updated_at) VALUES ('5', '3', 'Untitled Post', 'file', 'KP Hub Memo', '[sgd] KPHUB REITERATION MEMO_11152025.pdf', 'uploads/posts/1763452519_[sgd] KPHUB REITERATION MEMO_11152025.pdf', 'pdf', NULL, NULL, NULL, '2025-11-18 15:55:19', '2025-11-18 15:55:19');
INSERT INTO posts (post_id, user_id, title, post_type, content, file_name, file_url, file_type, links, file_id, folder_id, created_at, updated_at) VALUES ('6', '1', 'Untitled Post', 'text', 'Use below link to access..', NULL, NULL, NULL, '[{\"url\":\"https:\\/\\/drive.google.com\\/drive\\/folders\\/1YjAUUZpOuZQZICs6pGglp4dWkUeu1q2J\",\"label\":\"Link\"}]', NULL, NULL, '2025-11-18 17:09:01', '2025-11-18 17:09:01');
INSERT INTO posts (post_id, user_id, title, post_type, content, file_name, file_url, file_type, links, file_id, folder_id, created_at, updated_at) VALUES ('11', '1', 'Untitled Post', 'folder', 'Testing', 'TEST', 'https://drive.google.com/drive/folders/1YjAUUZpOuZQZICs6pGglp4dWkUeu1q2J', '', NULL, NULL, NULL, '2025-11-19 11:23:30', '2025-11-19 11:29:23');
INSERT INTO posts (post_id, user_id, title, post_type, content, file_name, file_url, file_type, links, file_id, folder_id, created_at, updated_at) VALUES ('13', '1', 'Untitled Post', 'file', 'Test', '553809123_24847328958240475_141091537478366701_n.jpg', 'https://drive.google.com/file/d/1lbOaWP-n3qOWnziSzMwa61hFbzfkp6-y/view?usp=drivesdk', 'jpg', NULL, NULL, NULL, '2025-11-19 11:35:36', '2025-11-19 11:35:36');
INSERT INTO posts (post_id, user_id, title, post_type, content, file_name, file_url, file_type, links, file_id, folder_id, created_at, updated_at) VALUES ('14', '1', 'Untitled Post', 'file', 'Test', '553809123_24847328958240475_141091537478366701_n.jpg', 'https://drive.google.com/file/d/1lbOaWP-n3qOWnziSzMwa61hFbzfkp6-y/view?usp=drivesdk', 'jpg', NULL, NULL, NULL, '2025-11-19 11:40:16', '2025-11-19 11:40:16');
INSERT INTO posts (post_id, user_id, title, post_type, content, file_name, file_url, file_type, links, file_id, folder_id, created_at, updated_at) VALUES ('16', '1', 'Untitled Post', 'text', '<p>Hi Everyone,</p><p>We are pleased to announce that the MKM Facility has successfully uploaded a new collection of Knowledge Products to the KP Hub. These resources are now available for your reference and use.</p><p>📚 Newly Uploaded Knowledge Products:<br>1. Anti-virus Complete Scanning Tips<br>2. Browser CleanUp Guide<br>3. Disk Cleanup Guide<br>4. File Organization Tips<br>5. Hardware Defragmentation Guide<br>6. Windows Update Process</p><p>🎯 Purpose:<br>These comprehensive infographics have been developed to support anyone who wants to optimize their computers or laptops regularly. Whether you\'re a staff member or a general computer user, these easy-to-follow guides provide essential maintenance and optimization procedures to ensure improved system performance, security, and efficiency.</p><p>Thank you.</p>', NULL, NULL, NULL, '[{\"url\":\"https:\\/\\/drive.google.com\\/drive\\/folders\\/1B6t8qj_zo91rU-qI99y4_f9-v_prJ_8L\",\"label\":\"Link Here!\"}]', NULL, NULL, '2025-11-19 12:00:01', '2025-11-19 12:09:46');
INSERT INTO posts (post_id, user_id, title, post_type, content, file_name, file_url, file_type, links, file_id, folder_id, created_at, updated_at) VALUES ('21', '1', 'Untitled Post', 'file', 'test', 'pic.jpeg', 'https://drive.google.com/file/d/1rRB3q-axuoQ6zX4nsQtx60nbD2gQbfbW/view?usp=drivesdk', 'jpeg', NULL, NULL, NULL, '2025-11-19 13:42:33', '2025-11-19 13:42:33');
INSERT INTO posts (post_id, user_id, title, post_type, content, file_name, file_url, file_type, links, file_id, folder_id, created_at, updated_at) VALUES ('22', '1', 'Untitled Post', 'file', 'test', 'LGRRCR8.png', 'https://drive.google.com/file/d/19WuCj3FzBBIFVwzFALMk6yv7unvwVpt_/view?usp=drivesdk', 'png', NULL, NULL, NULL, '2025-11-19 14:13:15', '2025-11-19 14:13:15');
INSERT INTO posts (post_id, user_id, title, post_type, content, file_name, file_url, file_type, links, file_id, folder_id, created_at, updated_at) VALUES ('23', '1', 'Untitled Post', 'file', 'Check this ou!', 'PEACE AND DEVELOPMENT.png', 'https://drive.google.com/file/d/1Fdg9J8nD7POerBl-RRyr3EM2bJs7mI_2/view?usp=drivesdk', 'png', NULL, NULL, NULL, '2025-11-19 14:17:01', '2025-11-19 14:17:01');
INSERT INTO posts (post_id, user_id, title, post_type, content, file_name, file_url, file_type, links, file_id, folder_id, created_at, updated_at) VALUES ('24', '1', 'Untitled Post', 'file', 'GIF TEST', 'evlgrrc-mmki.gif', 'https://drive.google.com/file/d/1sTTrtGzbSZEW6IVn-kRIaXUR8r5mfOS1/view?usp=drivesdk', 'gif', NULL, NULL, NULL, '2025-11-19 14:18:25', '2025-11-19 14:18:25');
INSERT INTO posts (post_id, user_id, title, post_type, content, file_name, file_url, file_type, links, file_id, folder_id, created_at, updated_at) VALUES ('25', '1', 'Untitled Post', 'file', 'ppt test', '1_Backdrop, prayer and Acknowledgement of Pax.pptx', 'https://docs.google.com/presentation/d/1HUlnQ5R7L28u_DCrgTf6pTPAEbAhRV4v/edit?usp=drivesdk&ouid=112969537209654762023&rtpof=true&sd=true', 'pptx', NULL, NULL, NULL, '2025-11-19 14:19:13', '2025-11-19 14:19:13');
INSERT INTO posts (post_id, user_id, title, post_type, content, file_name, file_url, file_type, links, file_id, folder_id, created_at, updated_at) VALUES ('26', '1', 'Untitled Post', 'file', 'Test Video', 'EV-LGRRC.mp4', 'https://drive.google.com/file/d/11LB19qoI92pxKikIPQ9R6sjOrKGmJ0WO/view?usp=drivesdk', 'mp4', NULL, NULL, NULL, '2025-11-19 14:19:50', '2025-11-19 14:19:50');
INSERT INTO posts (post_id, user_id, title, post_type, content, file_name, file_url, file_type, links, file_id, folder_id, created_at, updated_at) VALUES ('27', '1', 'Test Title', 'text', '<p>Hey</p>', NULL, NULL, NULL, NULL, NULL, NULL, '2025-11-19 14:44:13', '2025-11-19 14:44:13');
INSERT INTO posts (post_id, user_id, title, post_type, content, file_name, file_url, file_type, links, file_id, folder_id, created_at, updated_at) VALUES ('28', '1', 'AAA', 'text', '<p>aa</p>', NULL, NULL, NULL, NULL, NULL, NULL, '2025-11-19 14:45:20', '2025-11-19 14:45:20');
INSERT INTO posts (post_id, user_id, title, post_type, content, file_name, file_url, file_type, links, file_id, folder_id, created_at, updated_at) VALUES ('29', '1', 'BBB', 'text', '<p>BB</p>', NULL, NULL, NULL, NULL, NULL, NULL, '2025-11-19 14:45:24', '2025-11-19 14:45:24');
INSERT INTO posts (post_id, user_id, title, post_type, content, file_name, file_url, file_type, links, file_id, folder_id, created_at, updated_at) VALUES ('30', '1', 'test', 'text', '<p>test</p>', NULL, NULL, NULL, NULL, NULL, NULL, '2025-11-19 15:02:03', '2025-11-19 15:02:03');
INSERT INTO posts (post_id, user_id, title, post_type, content, file_name, file_url, file_type, links, file_id, folder_id, created_at, updated_at) VALUES ('31', '1', 'test', 'text', '<p>test</p>', NULL, NULL, NULL, NULL, NULL, NULL, '2025-11-19 15:19:25', '2025-11-19 15:19:25');

-- Post reactions table
INSERT INTO post_reactions (reaction_id, post_id, user_id, reaction_type, created_at) VALUES ('6', '5', '1', 'like', '2025-11-18 15:55:53');

-- File downloads table
INSERT INTO file_downloads (download_id, post_id, user_id, download_count, last_downloaded, created_at) VALUES ('1', '1', '3', '1', '2025-11-18 13:52:21', '2025-11-18 13:52:21');
INSERT INTO file_downloads (download_id, post_id, user_id, download_count, last_downloaded, created_at) VALUES ('3', '23', '1', '1', '2025-11-19 14:17:21', '2025-11-19 14:17:21');

SET FOREIGN_KEY_CHECKS = 1;

-- Export completed successfully
